Model,Accuracy,Precision,Recall,F1 Score
Logistic Regression,0.04745762711864407,0.0,1.0,0.0
Support Vector Machine,0.044350282485875706,0.0,1.0,0.0
Random Forest,0.13192090395480227,0.0,1.0,0.0
Neural Network,0.04745762711864407,0.0,1.0,0.0
